<?xml version="1.0" encoding="UTF-8" ?>
<!DOCTYPE mapper PUBLIC "-//mybatis.org//DTD Mapper 3.0//EN" "http://mybatis.org/dtd/mybatis-3-mapper.dtd">
<mapper namespace="ljc.mapper.BattleSessionMapper">

    <insert id="insert" useGeneratedKeys="true" keyProperty="id">
        INSERT INTO battle_sessions (user_id, battle_id, civ, stage_no, status, current_turn, context_json, created_at, updated_at)
        VALUES (#{userId}, #{battleId}, #{civ}, #{stageNo}, #{status}, #{currentTurn}, #{contextJson}, NOW(), NOW())
    </insert>



    <update id="update">
        UPDATE battle_sessions
        SET status = #{status},
            current_turn = #{currentTurn},
            context_json = #{contextJson},
            updated_at = NOW()
        WHERE id = #{id}
    </update>

    <select id="selectByUserId" resultType="ljc.entity.BattleSessionTbl">
        SELECT * FROM battle_sessions WHERE user_id = #{userId} AND status = 0
    </select>

    <select id="selectById" resultType="ljc.entity.BattleSessionTbl">
        SELECT * FROM battle_sessions WHERE id = #{id}
    </select>

</mapper>
